RGI_id,Region,Subregion,Name,Terminus_type,Status,Area_km2,Lon,Lat
RGI60-14.01202,14,14-02,,Land-terminating,Glacier or ice cap,3.528,73.717,36.8395
RGI60-14.01204,14,14-02,,Land-terminating,Glacier or ice cap,1.137,73.7945,36.8394
RGI60-14.01226,14,14-02,Chhateboi Glacier,Land-terminating,Glacier or ice cap,35.674,73.8878,36.7795
RGI60-14.01277,14,14-02,,Land-terminating,Glacier or ice cap,3.84,73.7992,36.8309
RGI60-14.01291,14,14-02,,Land-terminating,Glacier or ice cap,7.951,73.7679,36.8219
RGI60-14.01391,14,14-02,,Land-terminating,Glacier or ice cap,13.355,73.953,36.7562
RGI60-14.01400,14,14-02,,Land-terminating,Glacier or ice cap,10.36,73.8249,36.8052
RGI60-14.01454,14,14-02,Chllinji Glacier,Land-terminating,Glacier or ice cap,13.127,74.0589,36.7614
RGI60-14.01489,14,14-02,Koz Yaz Glacier,Land-terminating,Glacier or ice cap,44.658,74.132,36.7371
RGI60-14.01586,14,14-02,,Land-terminating,Glacier or ice cap,5.259,73.9729,36.7365
RGI60-14.01893,14,14-02,Pekhin Glacier,Land-terminating,Glacier or ice cap,11.211,73.9445,36.6893
RGI60-14.01922,14,14-02,,Land-terminating,Glacier or ice cap,4.266,73.9923,36.6399
RGI60-14.02192,14,14-02,Karambar Glacier,Land-terminating,Glacier or ice cap,81.704,74.2238,36.6159
RGI60-14.02765,14,14-02,,Land-terminating,Glacier or ice cap,14.165,74.1161,36.5495
RGI60-14.03035,14,14-02,,Land-terminating,Glacier or ice cap,16.937,74.1028,36.4801
