dis_along_flowline,area,mean_elevation,slope,bin_elevation,dx,width
55.302002646850916,13872.0,6131.16796875,0.26486527919769287,6135.0,110.60400529370183,125.4204127885224
144.85113718151837,27744.0,6106.001953125,0.4128240644931793,6105.0,68.49426377563307,405.05581738758633
218.43952367969297,41616.0,6075.3671875,0.36426427960395813,6075.0,78.6825092207161,528.9104327273162
294.1807820704506,83232.0,6045.740234375,0.39088332653045654,6045.0,72.80000756079923,1143.2965845571987
353.337884339866,83232.0,6015.5341796875,0.5827702283859253,6015.0,45.51419697803149,1828.704130277722
395.5396049102994,60112.0,5980.71337890625,0.657070517539978,5985.0,38.88924416283532,1545.7230217255367
433.2089415276113,60112.0,5956.39794921875,0.6886435151100159,5955.0,36.4494290717885,1649.189069096451
469.2438933230881,64736.0,5924.54052734375,0.6999554634094238,5925.0,35.620474519165164,1817.381741087407
504.76802568101004,73984.0,5893.96826171875,0.7026292085647583,5895.0,35.427790196678686,2088.3041135017197
544.5704836303985,97104.0,5863.2978515625,0.5965503454208374,5865.0,44.17712570209812,2198.060612969852
587.0873904618356,124848.0,5832.53955078125,0.6333602070808411,5835.0,40.85668796077629,3055.754301960502
629.0941911975159,110976.0,5805.83349609375,0.6074552536010742,5805.0,43.156913510584246,2571.453585826593
671.6024309929485,171088.0,5777.15478515625,0.6218344569206238,5775.0,41.85956608028093,4087.1900026836543
714.2689022310432,180336.0,5744.17236328125,0.604035496711731,5745.0,43.47337639590854,4148.194020121524
758.8908330941453,157216.0,5715.3232421875,0.5801929235458374,5715.0,45.77048533029556,3434.877276600309
803.5213968887366,221952.0,5682.79150390625,0.6038498878479004,5685.0,43.49064225888717,5103.442682653067
852.5840888645623,212704.0,5650.84619140625,0.5021528601646423,5655.0,54.63474169276419,3893.2004327233867
913.822931354207,272816.0,5621.4814453125,0.4163466989994049,5625.0,67.84294328652508,4021.2877977271737
980.5644435323256,360672.0,5594.677734375,0.42869114875793457,5595.0,65.64008106971241,5494.691568356715
1041.1699727697949,406912.0,5564.9169921875,0.49501723051071167,5565.0,55.57097740522626,7322.383355483888
1100.828920573831,453152.0,5534.53125,0.4398612082004547,5535.0,63.746918202846274,7108.610310510147
1163.1078179982765,499392.0,5505.361328125,0.4582996368408203,5505.0,60.81087664604434,8212.215109260142
1235.8111172818863,642736.0,5474.4990234375,0.3407916724681854,5475.0,84.59572192117533,7597.736450536932
1344.92349321973,707472.0,5445.27392578125,0.22084049880504608,5445.0,133.6290299545124,5294.298703214601
1476.0447920675292,795328.0,5414.607421875,0.2291594296693802,5415.0,128.6135677410858,6183.857690668286
1654.197325987676,989536.0,5384.546875,0.13100263476371765,5385.0,227.6915000992079,4345.950549620198
1913.429001562688,1119008.0,5354.43994140625,0.10280990600585938,5355.0,290.771851050816,3848.4055315397068
2241.693477880412,1068144.0,5326.40673828125,0.0818384513258934,5325.0,365.7571015846319,2920.36434937913
2505.489057835349,610368.0,5295.65234375,0.1832944005727768,5295.0,161.83405832524159,3771.5670379675553
2626.504049083882,360672.0,5265.255859375,0.35796722769737244,5265.0,80.19592417182497,4497.385667970318
2699.704042197521,249696.0,5235.48681640625,0.42546573281288147,5235.0,66.20406205545326,3771.611472885936
2760.291127499672,226576.0,5205.541015625,0.49957528710365295,5205.0,54.97010854884758,4121.80375810355
2816.0266422873688,166464.0,5177.93115234375,0.4881114959716797,5175.0,56.500921026546216,2946.2174593895393
2870.541948288225,184960.0,5147.86962890625,0.518902599811554,5145.0,52.52969097516555,3521.0563124660966
2923.7873957871384,212704.0,5115.26416015625,0.5074036717414856,5115.0,53.96120402266199,3941.794921971554
2977.415750888147,184960.0,5084.234375,0.5126926898956299,5085.0,53.29550617935539,3470.4614564979274
3028.3465875325455,157216.0,5052.72119140625,0.5533427596092224,5055.0,48.566167109441466,3237.150661811987
3074.081764154823,152592.0,5025.74853515625,0.610210657119751,5025.0,42.90418613511284,3556.576030121185
3120.2922649484103,120224.0,4997.791015625,0.5447133779525757,4995.0,49.51681545206183,2427.942889752091
3165.997005298609,180336.0,4966.2353515625,0.6214602589607239,4965.0,41.892665248336044,4304.71537036338
3212.0609858481857,129472.0,4935.72265625,0.538350522518158,4935.0,50.235295850817245,2577.311386489898
3260.2845453937803,166464.0,4904.1162109375,0.5758017301559448,4905.0,46.21182324037215,3602.1950299197815
3315.6631059109754,134096.0,4875.5732421875,0.43508487939834595,4875.0,64.54529779401778,2077.5487073890044
3379.386295794066,143344.0,4845.3212890625,0.44502946734428406,4845.0,62.90108197216334,2278.8797188486583
3442.9922675409175,166464.0,4817.93115234375,0.43647730350494385,4815.0,64.31086152153976,2588.4274609545682
3507.1697574858413,143344.0,4784.7841796875,0.4380717873573303,4785.0,64.04411836830762,2238.207093048752
3565.913557705325,147968.0,4755.5478515625,0.5115083456039429,4755.0,53.44348207065971,2768.6818722695825
3623.210711870934,115600.0,4726.08984375,0.4560915231704712,4725.0,61.150826260559086,1890.4078173439075
3682.8717668860104,152592.0,4695.54248046875,0.47614309191703796,4695.0,58.17128376959362,2623.1499480807483
3743.1328304858625,115600.0,4662.95263671875,0.44845280051231384,4665.0,62.35084343011087,1854.024639290985
3802.9705103170218,120224.0,4635.755859375,0.4821418821811676,4635.0,57.324516232207955,2097.252762029447
3859.235891039023,101728.0,4604.68359375,0.4977748692035675,4605.0,55.20624521179442,1842.6900726490007
3912.79815904749,87856.0,4575.43310546875,0.5239592790603638,4575.0,51.918290805140124,1692.1974633129082
3964.3773552794564,92480.0,4545.103515625,0.5296738147735596,4545.0,51.24010165879208,1804.8363880271838
4017.4668759162296,83232.0,4515.38037109375,0.49981382489204407,4515.0,54.93893961475422,1514.9910170025832
4073.0121977569374,97104.0,4484.900390625,0.490683913230896,4485.0,56.15170406666108,1729.3152828402494
4131.82051207577,106352.0,4451.72216796875,0.4540688395500183,4455.0,61.464924571004666,1730.2876517344703
4194.246155114018,83232.0,4421.0537109375,0.4420505166053772,4425.0,63.386361505489425,1313.0900405569405
4257.592346315123,97104.0,4395.20068359375,0.44254112243652344,4395.0,63.306020896721996,1533.8825379408433
4319.595092370753,87856.0,4367.76904296875,0.45902758836746216,4365.0,60.69947121453812,1447.393169035674
4380.46190910984,92480.0,4338.94921875,0.45684707164764404,4335.0,61.03416226363665,1515.216996024837
4441.625626120651,120224.0,4306.185546875,0.4551721513271332,4305.0,61.293271757985025,1961.4550920809302
4502.86894307873,97104.0,4272.87451171875,0.4558166265487671,4275.0,61.19336215817223,1586.8387775295982
4566.540501292794,92480.0,4245.29541015625,0.42577433586120605,4245.0,66.14975426995528,1398.0399628181797
4631.491128096126,101728.0,4214.5673828125,0.43983352184295654,4215.0,63.75149933670875,1595.6958041522328
4693.342115360723,78608.0,4181.41015625,0.46397799253463745,4185.0,59.9504751924852,1311.215628360082
4752.141881487127,69360.0,4152.20361328125,0.47982633113861084,4155.0,57.6490570603213,1203.1419686088693
4808.579857562915,64736.0,4124.17236328125,0.4976179897785187,4125.0,55.2268950912553,1172.182500809291
4864.300293248386,69360.0,4095.530029296875,0.49022337794303894,4095.0,56.213976279685575,1233.8568553647235
4921.625732932684,64736.0,4066.186279296875,0.4742896556854248,4065.0,58.43690308890886,1107.7931337584296
4982.345091802772,78608.0,4035.45166015625,0.44440802931785583,4035.0,63.00181465126703,1247.7100927190374
5048.614411916799,73984.0,4004.78955078125,0.4073009788990021,4005.0,69.53682557678682,1063.954234124512
5121.310903317062,78608.0,3974.74072265625,0.37660840153694153,3975.0,75.85615722373801,1036.2771181269495
5199.223754614579,73984.0,3943.7314453125,0.358895868062973,3945.0,79.96954537129609,925.1521895803535
5280.9168176847015,64736.0,3913.739990234375,0.34523749351501465,3915.0,83.41658076894949,776.0567431948368
5366.06224949115,60112.0,3884.695556640625,0.33250537514686584,3885.0,86.874282843948,691.9424026553289
5452.269845983871,50864.0,3855.9189453125,0.3373066484928131,3855.0,85.54091014149365,594.6160721912545
5542.079606493156,55488.0,3826.697021484375,0.3086887001991272,3825.0,94.0786108770744,589.8046270315587
5639.484115385461,55488.0,3793.4033203125,0.28945988416671753,3795.0,100.73040690753716,550.8565060293438
5738.531631491042,41616.0,3763.2216796875,0.298889696598053,3765.0,97.36462530362408,427.42423000369706
5839.963544832026,69360.0,3732.689697265625,0.27704930305480957,3735.0,105.49920137834214,657.4457350749091
5989.0386814198655,124848.0,3704.681640625,0.15448123216629028,3705.0,192.6510717973374,648.0524548097817
6176.181057617266,87856.0,3677.145263671875,0.1636897772550583,3675.0,181.63368059746352,483.69883664201257
6322.4065660448505,55488.0,3646.358154296875,0.2643788456916809,3645.0,110.81733625770694,500.71587960715857
6422.750311213398,50864.0,3614.332275390625,0.3221839368343353,3615.0,89.87015407938762,565.9721018734298
6512.25036927307,46240.0,3583.393310546875,0.32467612624168396,3585.0,89.12996203995634,518.7929955503732
6604.022761863227,41616.0,3553.030029296875,0.3076576292514801,3555.0,94.41482314035864,440.77824451498435
6704.243433736286,41616.0,3524.697265625,0.2757403552532196,3525.0,106.0265206057588,392.50557089147406
6819.040858277779,50864.0,3496.1875,0.2381725311279297,3495.0,123.5683284772278,411.62651163783966
6957.0500709941925,46240.0,3466.26220703125,0.1943029910326004,3465.0,152.45009695559895,303.3123685940809
7109.800604567521,46240.0,3437.72802734375,0.19355911016464233,3435.0,153.05097019105827,302.1215738931754
7261.25327499185,36992.0,3406.936279296875,0.1975824385881424,3405.0,149.85437065759942,246.85299359417823
7417.188792923613,36992.0,3374.475830078125,0.183092400431633,3375.0,162.01666520592548,228.32219113374939
7585.778671942908,36992.0,3346.40869140625,0.1696232110261917,3345.0,175.16309283266415,211.1860404025807
7755.816634209266,46240.0,3315.951904296875,0.17994652688503265,3315.0,164.9128317000531,280.3905525320327
7917.422924377433,41616.0,3284.206787109375,0.18729272484779358,3285.0,158.2997486362809,262.89365812967554
8067.922629962455,32368.0,3251.076416015625,0.2072141468524933,3255.0,142.69966253376333,226.82604447184028
8206.504819058298,32368.0,3223.40185546875,0.21951179206371307,3225.0,134.46471565792416,240.7174242077276
8341.275659079776,36992.0,3193.93896484375,0.21854828298091888,3195.0,135.07696438502984,273.8586861824658
8483.645965427246,36992.0,3163.24560546875,0.19782771170139313,3165.0,149.66364830991003,247.1675681953195
8646.182678876117,36992.0,3134.8486328125,0.16938920319080353,3135.0,175.40977858783359,210.88904106607066
8810.753823782574,36992.0,3105.85693359375,0.1927221417427063,3105.0,153.7325112250811,240.62574471212332
8948.29122327094,18496.0,3079.175048828125,0.24237415194511414,3075.0,121.34228775165381,152.42831120717776
9058.225592672276,23120.0,3047.81787109375,0.29556798934936523,3045.0,98.52645105101578,234.65779750890192
9156.477008166783,18496.0,3016.3134765625,0.2971316874027252,3015.0,97.97637993799987,188.78019387636488
9256.318763844789,4624.0,2994.099609375,0.28683075308799744,2985.0,101.70713141801374,45.46387195796012
